งวดวันที่ ,งวดเดือน  ,ปี    ,เลขหวยหน้า 3 ตัว ,เลขหวยหลัง 3 ตัว ,เลขท้าย 2 ตัว ,เลขหน้า 3 ตัว1 ,เลขท้าย 3 ตัว2 ,เลขท้าย 3 ตัว1 ,เลขหน้า 3 ตัว2
     1 ,กันยายน   ,2559 ,           638 ,           684 ,         62 ,         334 ,         335 ,         630 ,         669
    16 ,สิงหาคม   ,2559 ,           254 ,           004 ,         33 ,         366 ,         596 ,         631 ,         966
     1 ,สิงหาคม   ,2559 ,           272 ,           932 ,         57 ,         472 ,         538 ,         871 ,         983
    16 ,กรกฎาคม  ,2559 ,           449 ,           764 ,         55 ,         158 ,         552 ,         734 ,         925
     1 ,กรกฎาคม  ,2559 ,           082 ,           460 ,         53 ,         169 ,         173 ,         302 ,         609
    16 ,มิถุนายน   ,2559 ,           073 ,           816 ,         79 ,         251 ,         321 ,         749 ,         804
     1 ,มิถุนายน   ,2559 ,           511 ,           825 ,         14 ,         111 ,         775 ,         880 ,         937
    16 ,พฤษภาคม  ,2559 ,           141 ,           737 ,         98 ,         087 ,         268 ,         382 ,         975
     2 ,พฤษภาคม  ,2559 ,           399 ,           459 ,         02 ,         046 ,         238 ,         403 ,         671
    16 ,เมษายน   ,2559 ,           221 ,           609 ,         87 ,         008 ,         228 ,         507 ,         523
     1 ,เมษายน   ,2559 ,           066 ,           720 ,         92 ,         285 ,         390 ,         546 ,         852
    16 ,มีนาคม    ,2559 ,           134 ,           918 ,         32 ,         004 ,         855 ,         877 ,         973
     1 ,มีนาคม    ,2559 ,           439 ,           686 ,         06 ,         155 ,         426 ,         530 ,         743
    16 ,กุมภาพันธ์  ,2559 ,           356 ,           364 ,         98 ,         309 ,         312 ,         535 ,         699
     1 ,กุมภาพันธ์  ,2559 ,           927 ,           800 ,         09 ,         054 ,         076 ,         625 ,         999
    17 ,มกราคม   ,2559 ,           304 ,           371 ,         50 ,         031 ,         532 ,         743 ,         786
    30 ,ธันวาคม   ,2558 ,           008 ,           217 ,         02 ,         246 ,         264 ,         596 ,         895
    17 ,ธันวาคม   ,2558 ,           930 ,           255 ,         08 ,         094 ,         140 ,         250 ,         638
     1 ,ธันวาคม   ,2558 ,           915 ,           350 ,         78 ,         175 ,         181 ,         238 ,         714
    16 ,พฤศจิกายน ,2558 ,           795 ,           283 ,         03 ,         028 ,         241 ,         643 ,         802
     1 ,พฤศจิกายน ,2558 ,           361 ,           211 ,         45 ,         106 ,         166 ,         473 ,         757
    16 ,ตุลาคม    ,2558 ,           968 ,           630 ,         62 ,         054 ,         134 ,         412 ,         457
     1 ,ตุลาคม    ,2558 ,           594 ,           825 ,         07 ,         175 ,         440 ,         799 ,         918
    16 ,กันยายน   ,2558 ,           743 ,           148 ,         06 ,         084 ,         209 ,         375 ,         435
     1 ,กันยายน   ,2558 ,           021 ,           094 ,         89 ,         068 ,         260 ,         403 ,         819
    16 ,สิงหาคม   ,2558 ,           033 ,           363 ,         40 ,         227 ,         624 ,         648 ,         781
     1 ,สิงหาคม   ,2558 ,           518 ,           677 ,         53 ,         333 ,         598 ,         648 ,         889
    16 ,กรกฎาคม  ,2558 ,           121 ,           507 ,         49 ,         294 ,         461 ,         761 ,         830
     1 ,กรกฎาคม  ,2558 ,           759 ,           049 ,         26 ,         081 ,         565 ,         567 ,         814
    16 ,มิถุนายน   ,2558 ,           644 ,           742 ,         05 ,         253 ,         386 ,         429 ,         532
     2 ,มิถุนายน   ,2558 ,           388 ,           881 ,         65 ,         314 ,         700 ,         876 ,         969
    16 ,พฤษภาคม  ,2558 ,           011 ,           421 ,         38 ,         484 ,         799 ,         851 ,         928
     2 ,พฤษภาคม  ,2558 ,           543 ,           466 ,         30 ,         163 ,         195 ,         366 ,         818
    16 ,เมษายน   ,2558 ,           506 ,           260 ,         38 ,         101 ,         164 ,         495 ,         973
     1 ,เมษายน   ,2558 ,           605 ,           704 ,         70 ,         557 ,         558 ,         861 ,         962
    16 ,มีนาคม    ,2558 ,           048 ,           151 ,         92 ,         339 ,         622 ,         623 ,         757
     1 ,มีนาคม    ,2558 ,           240 ,           237 ,         34 ,         008 ,         031 ,         498 ,         857
    16 ,กุมภาพันธ์  ,2558 ,           001 ,           864 ,         90 ,         103 ,         392 ,         825 ,         843
     1 ,กุมภาพันธ์  ,2558 ,           155 ,           537 ,         79 ,         008 ,         083 ,         286 ,         813
    16 ,มกราคม   ,2558 ,           244 ,           351 ,         74 ,         068 ,         398 ,         595 ,         877
    30 ,ธันวาคม   ,2557 ,           461 ,           704 ,         57 ,         535 ,         853 ,         950 ,         982
    16 ,ธันวาคม   ,2557 ,           948 ,           354 ,         90 ,         080 ,         763 ,         775 ,         901
     1 ,ธันวาคม   ,2557 ,           480 ,           449 ,         11 ,         161 ,         380 ,         580 ,         820
    16 ,พฤศจิกายน ,2557 ,           479 ,           804 ,         25 ,         179 ,         422 ,         480 ,         709
     1 ,พฤศจิกายน ,2557 ,           206 ,           608 ,         44 ,         203 ,         607 ,         855 ,         979
    16 ,ตุลาคม    ,2557 ,           656 ,           409 ,         94 ,         647 ,         784 ,         848 ,         910
     1 ,ตุลาคม    ,2557 ,           375 ,           615 ,         44 ,         086 ,         159 ,         251 ,         520
    16 ,กันยายน   ,2557 ,           772 ,           269 ,         35 ,         112 ,         257 ,         342 ,         790
     1 ,กันยายน   ,2557 ,           856 ,           763 ,         22 ,         308 ,         477 ,         490 ,         912
    16 ,สิงหาคม   ,2557 ,           662 ,           842 ,         91 ,         187 ,         633 ,         639 ,         912
     1 ,สิงหาคม   ,2557 ,           766 ,           391 ,         82 ,         349 ,         576 ,         623 ,         637
    10 ,กรกฎาคม  ,2557 ,           468 ,           728 ,         45 ,         104 ,         117 ,         205 ,         944
     1 ,กรกฎาคม  ,2557 ,           378 ,           477 ,         39 ,         123 ,         271 ,         441 ,         864
    16 ,มิถุนายน   ,2557 ,           673 ,           920 ,         95 ,         140 ,         158 ,         576 ,         639
     1 ,มิถุนายน   ,2557 ,           781 ,           198 ,         18 ,         160 ,         324 ,         409 ,         636
    16 ,พฤษภาคม  ,2557 ,           087 ,           523 ,         20 ,         112 ,         150 ,         246 ,         505
     2 ,พฤษภาคม  ,2557 ,           103 ,           297 ,         52 ,         143 ,         158 ,         673 ,         797
    16 ,เมษายน   ,2557 ,           153 ,           406 ,         26 ,         013 ,         344 ,         355 ,         634
     1 ,เมษายน   ,2557 ,           028 ,           866 ,         95 ,         186 ,         499 ,         835 ,         938
    16 ,มีนาคม    ,2557 ,           531 ,           404 ,         79 ,         250 ,         305 ,         400 ,         904
     1 ,มีนาคม    ,2557 ,           906 ,           318 ,         35 ,         116 ,         537 ,         753 ,         798
    16 ,กุมภาพันธ์  ,2557 ,           384 ,           245 ,         01 ,         074 ,         397 ,         521 ,         530
     1 ,กุมภาพันธ์  ,2557 ,           180 ,           149 ,         95 ,         406 ,         492 ,         888 ,         976
    16 ,มกราคม   ,2557 ,           306 ,           902 ,         52 ,         077 ,         149 ,         242 ,         510
    30 ,ธันวาคม   ,2556 ,           561 ,           072 ,         48 ,         275 ,         503 ,         513 ,         750
    16 ,ธันวาคม   ,2556 ,           341 ,           767 ,         79 ,         111 ,         228 ,         742 ,         826
     1 ,ธันวาคม   ,2556 ,           168 ,           795 ,         27 ,         074 ,         734 ,         766 ,         980
    16 ,พฤศจิกายน ,2556 ,           806 ,           925 ,         28 ,         069 ,         304 ,         672 ,         753
     1 ,พฤศจิกายน ,2556 ,           739 ,           804 ,         47 ,         020 ,         173 ,         256 ,         502
    16 ,ตุลาคม    ,2556 ,           963 ,           289 ,         60 ,         402 ,         529 ,         876 ,         952
     1 ,ตุลาคม    ,2556 ,           647 ,           882 ,         14 ,         028 ,         324 ,         576 ,         650
    16 ,กันยายน   ,2556 ,           562 ,           684 ,         63 ,         056 ,         235 ,         574 ,         754
     1 ,กันยายน   ,2556 ,           548 ,           123 ,         05 ,         045 ,         281 ,         570 ,         800
    16 ,สิงหาคม   ,2556 ,           321 ,           327 ,         20 ,         201 ,         417 ,         448 ,         945
     1 ,สิงหาคม   ,2556 ,           356 ,           435 ,         82 ,         329 ,         451 ,         718 ,         880
    16 ,กรกฎาคม  ,2556 ,           566 ,           996 ,         86 ,         210 ,         352 ,         526 ,         584
     1 ,กรกฎาคม  ,2556 ,           646 ,           905 ,         51 ,         075 ,         284 ,         903 ,         904
    16 ,มิถุนายน   ,2556 ,           289 ,           673 ,         69 ,         098 ,         114 ,         390 ,         502
     1 ,มิถุนายน   ,2556 ,           935 ,           489 ,         90 ,         480 ,         713 ,         716 ,         768
    16 ,พฤษภาคม  ,2556 ,           687 ,           125 ,         56 ,         034 ,         261 ,         390 ,         945
     2 ,พฤษภาคม  ,2556 ,           603 ,           458 ,         07 ,         272 ,         359 ,         516 ,         830
    16 ,เมษายน   ,2556 ,           843 ,           846 ,         86 ,         828 ,         834 ,         862 ,         906
     1 ,เมษายน   ,2556 ,           571 ,           688 ,         53 ,         170 ,         430 ,         670 ,         725
    16 ,มีนาคม    ,2556 ,           968 ,           433 ,         52 ,         175 ,         529 ,         860 ,         959
     1 ,มีนาคม    ,2556 ,           976 ,           241 ,         37 ,         133 ,         721 ,         775 ,         972
    16 ,กุมภาพันธ์  ,2556 ,           368 ,           257 ,         09 ,         109 ,         386 ,         657 ,         708
     1 ,กุมภาพันธ์  ,2556 ,           565 ,           566 ,         66 ,         452 ,         641 ,         695 ,         782
    16 ,มกราคม   ,2556 ,           820 ,           981 ,         08 ,         196 ,         334 ,         374 ,         555
    30 ,ธันวาคม   ,2555 ,           302 ,           358 ,         00 ,         126 ,         589 ,         832 ,         864
    16 ,ธันวาคม   ,2555 ,           529 ,           524 ,         72 ,         008 ,         734 ,         745 ,         778
     1 ,ธันวาคม   ,2555 ,           110 ,           443 ,         43 ,         303 ,         434 ,         489 ,         553
    16 ,พฤศจิกายน ,2555 ,           639 ,           500 ,         15 ,         560 ,         576 ,         627 ,         804
     1 ,พฤศจิกายน ,2555 ,           524 ,           694 ,         63 ,         188 ,         217 ,         285 ,         338
    16 ,ตุลาคม    ,2555 ,           281 ,           343 ,         28 ,         089 ,         152 ,         396 ,         868
     1 ,ตุลาคม    ,2555 ,           124 ,           025 ,         58 ,         291 ,         554 ,         873 ,         940
    16 ,กันยายน   ,2555 ,           540 ,           143 ,         79 ,         123 ,         242 ,         752 ,         770
     1 ,กันยายน   ,2555 ,           329 ,           997 ,         07 ,         148 ,         598 ,         639 ,         736
    16 ,สิงหาคม   ,2555 ,           683 ,           877 ,         28 ,         032 ,         612 ,         730 ,         775
     1 ,สิงหาคม   ,2555 ,           895 ,           590 ,         50 ,         599 ,         745 ,         796 ,         820
    16 ,กรกฎาคม  ,2555 ,           904 ,           050 ,         11 ,         042 ,         159 ,         224 ,         897
     1 ,กรกฎาคม  ,2555 ,           915 ,           900 ,         60 ,         530 ,         611 ,         656 ,         715
    16 ,มิถุนายน   ,2555 ,           159 ,           373 ,         51 ,         238 ,         479 ,         547 ,         790
     1 ,มิถุนายน   ,2555 ,           882 ,           727 ,         38 ,         399 ,         576 ,         606 ,         895
    16 ,พฤษภาคม  ,2555 ,           814 ,           418 ,         31 ,         101 ,         309 ,         504 ,         902
     2 ,พฤษภาคม  ,2555 ,           889 ,           501 ,         29 ,         426 ,         468 ,         589 ,         597
    16 ,เมษายน   ,2555 ,           583 ,           470 ,         62 ,         088 ,         216 ,         722 ,         754
     1 ,เมษายน   ,2555 ,           257 ,           562 ,         69 ,         074 ,         332 ,         581 ,         616
    16 ,มีนาคม    ,2555 ,           607 ,           064 ,         08 ,         333 ,         350 ,         573 ,         606
     1 ,มีนาคม    ,2555 ,           222 ,           518 ,         79 ,         135 ,         199 ,         295 ,         711
    16 ,กุมภาพันธ์  ,2555 ,           648 ,           684 ,         18 ,         111 ,         214 ,         420 ,         906
     1 ,กุมภาพันธ์  ,2555 ,           320 ,           605 ,         32 ,         426 ,         498 ,         598 ,         749
    16 ,มกราคม   ,2555 ,           451 ,           445 ,         81 ,         150 ,         328 ,         639 ,         941
    30 ,ธันวาคม   ,2554 ,           526 ,           402 ,         65 ,         026 ,         168 ,         541 ,         597
    16 ,ธันวาคม   ,2554 ,           884 ,           178 ,         21 ,         235 ,         295 ,         651 ,         784
     1 ,ธันวาคม   ,2554 ,           408 ,           147 ,         02 ,         253 ,         739 ,         857 ,         922
    16 ,พฤศจิกายน ,2554 ,           997 ,           777 ,         57 ,         406 ,         425 ,         551 ,         993
     1 ,พฤศจิกายน ,2554 ,           805 ,           540 ,         54 ,         065 ,         221 ,         380 ,         771
    16 ,ตุลาคม    ,2554 ,           955 ,           756 ,         83 ,         057 ,         329 ,         507 ,         991
     1 ,ตุลาคม    ,2554 ,           511 ,           052 ,         15 ,         104 ,         189 ,         499 ,         957
    16 ,กันยายน   ,2554 ,           731 ,           198 ,         28 ,         384 ,         589 ,         645 ,         812
     1 ,กันยายน   ,2554 ,           724 ,           533 ,         85 ,         021 ,         533 ,         821 ,         847
    16 ,สิงหาคม   ,2554 ,           536 ,           960 ,         62 ,         005 ,         074 ,         345 ,         814
     1 ,สิงหาคม   ,2554 ,           218 ,           756 ,         12 ,         221 ,         583 ,         660 ,         703
    16 ,กรกฎาคม  ,2554 ,           116 ,           556 ,         12 ,         052 ,         227 ,         534 ,         609
     1 ,กรกฎาคม  ,2554 ,           622 ,           953 ,         51 ,         160 ,         390 ,         463 ,         780
    16 ,มิถุนายน   ,2554 ,           351 ,           276 ,         88 ,         162 ,         167 ,         486 ,         582
     1 ,มิถุนายน   ,2554 ,           562 ,           370 ,         46 ,         346 ,         556 ,         656 ,         801
    16 ,พฤษภาคม  ,2554 ,           406 ,           417 ,         05 ,         044 ,         071 ,         700 ,         889
     2 ,พฤษภาคม  ,2554 ,           054 ,           136 ,         85 ,         133 ,         421 ,         524 ,         945
    16 ,เมษายน   ,2554 ,           825 ,           988 ,         44 ,         213 ,         263 ,         397 ,         593
     1 ,เมษายน   ,2554 ,           814 ,           931 ,         01 ,         036 ,         040 ,         584 ,         723
    16 ,มีนาคม    ,2554 ,           593 ,           331 ,         96 ,         209 ,         463 ,         737 ,         945
     1 ,มีนาคม    ,2554 ,           656 ,           037 ,         97 ,         357 ,         396 ,         544 ,         926
    16 ,กุมภาพันธ์  ,2554 ,           481 ,           746 ,         27 ,         384 ,         388 ,         510 ,         535
     1 ,กุมภาพันธ์  ,2554 ,           610 ,           089 ,         55 ,         121 ,         361 ,         432 ,         596
    16 ,มกราคม   ,2554 ,           281 ,           062 ,         23 ,         185 ,         227 ,         546 ,         758
    30 ,ธันวาคม   ,2553 ,           884 ,           112 ,         49 ,         153 ,         186 ,         933 ,         936
    16 ,ธันวาคม   ,2553 ,           334 ,           380 ,         24 ,         306 ,         315 ,         529 ,         533
     1 ,ธันวาคม   ,2553 ,           181 ,           752 ,         09 ,         086 ,         470 ,         474 ,         664
    16 ,พฤศจิกายน ,2553 ,           813 ,           993 ,         43 ,         129 ,         763 ,         907 ,         979
     1 ,พฤศจิกายน ,2553 ,           191 ,           100 ,         59 ,         653 ,         739 ,         801 ,         968
    16 ,ตุลาคม    ,2553 ,           621 ,           377 ,         42 ,         310 ,         385 ,         518 ,         872
     1 ,ตุลาคม    ,2553 ,           488 ,           372 ,         02 ,         003 ,         091 ,         246 ,         996
    16 ,กันยายน   ,2553 ,           017 ,           422 ,         66 ,         075 ,         103 ,         316 ,         431
     1 ,กันยายน   ,2553 ,           354 ,           656 ,         11 ,         096 ,         570 ,         656 ,         784
    16 ,สิงหาคม   ,2553 ,           911 ,           097 ,         64 ,         448 ,         578 ,         689 ,         986
     1 ,สิงหาคม   ,2553 ,           210 ,           008 ,         10 ,         182 ,         191 ,         727 ,         769
    16 ,กรกฎาคม  ,2553 ,           180 ,           387 ,         34 ,         024 ,         219 ,         309 ,         572
     1 ,กรกฎาคม  ,2553 ,           480 ,           239 ,         68 ,         450 ,         893 ,         918 ,         961
    16 ,มิถุนายน   ,2553 ,           500 ,           104 ,         73 ,         200 ,         628 ,         681 ,         816
     1 ,มิถุนายน   ,2553 ,           444 ,           874 ,         81 ,         298 ,         374 ,         673 ,         996
    16 ,พฤษภาคม  ,2553 ,           480 ,           012 ,         12 ,         008 ,         151 ,         293 ,         770
     2 ,พฤษภาคม  ,2553 ,           360 ,           371 ,         06 ,         040 ,         382 ,         517 ,         618
    16 ,เมษายน   ,2553 ,           211 ,           743 ,         96 ,         154 ,         285 ,         744 ,         811
     1 ,เมษายน   ,2553 ,           959 ,           517 ,         22 ,         040 ,         174 ,         447 ,         663
    16 ,มีนาคม    ,2553 ,           364 ,           222 ,         97 ,         229 ,         619 ,         756 ,         996
     1 ,มีนาคม    ,2553 ,           215 ,           227 ,         97 ,         374 ,         457 ,         470 ,         627
    16 ,กุมภาพันธ์  ,2553 ,           133 ,           707 ,         03 ,         026 ,         137 ,         362 ,         985
     1 ,กุมภาพันธ์  ,2553 ,           186 ,           312 ,         14 ,         403 ,         577 ,         694 ,         936
    16 ,มกราคม   ,2553 ,           073 ,           577 ,         67 ,         413 ,         459 ,         646 ,         781
    30 ,ธันวาคม   ,2552 ,           994 ,           304 ,         87 ,         337 ,         419 ,         598 ,         993
    16 ,ธันวาคม   ,2552 ,           685 ,           141 ,         05 ,         142 ,         524 ,         694 ,         775
     1 ,ธันวาคม   ,2552 ,           776 ,           980 ,         59 ,         188 ,         252 ,         412 ,         937
    16 ,พฤศจิกายน ,2552 ,           055 ,           986 ,         58 ,         072 ,         299 ,         536 ,         952
     1 ,พฤศจิกายน ,2552 ,           689 ,           140 ,         85 ,         366 ,         465 ,         642 ,         923
    16 ,ตุลาคม    ,2552 ,           258 ,           487 ,         00 ,         122 ,         135 ,         174 ,         226
     1 ,ตุลาคม    ,2552 ,           169 ,           387 ,         06 ,         249 ,         255 ,         435 ,         714
    16 ,กันยายน   ,2552 ,           202 ,           912 ,         48 ,         166 ,         200 ,         353 ,         539
     1 ,กันยายน   ,2552 ,           015 ,           865 ,         32 ,         435 ,         446 ,         447 ,         924
    16 ,สิงหาคม   ,2552 ,           462 ,           933 ,         96 ,         292 ,         577 ,         658 ,         843
     1 ,สิงหาคม   ,2552 ,           154 ,           986 ,         92 ,         239 ,         374 ,         421 ,         688
    16 ,กรกฎาคม  ,2552 ,           000 ,           816 ,         94 ,         005 ,         177 ,         356 ,         836
     1 ,กรกฎาคม  ,2552 ,           207 ,           542 ,         66 ,         107 ,         233 ,         385 ,         799
    16 ,มิถุนายน   ,2552 ,           930 ,           456 ,         15 ,         044 ,         125 ,         179 ,         954
     1 ,มิถุนายน   ,2552 ,           777 ,           661 ,         26 ,         097 ,         240 ,         242 ,         642
    16 ,พฤษภาคม  ,2552 ,           111 ,           411 ,         54 ,         362 ,         368 ,         838 ,         892
     2 ,พฤษภาคม  ,2552 ,           294 ,           452 ,         11 ,         222 ,         301 ,         549 ,         947
    16 ,เมษายน   ,2552 ,           368 ,           415 ,         33 ,         007 ,         179 ,         570 ,         954
     1 ,เมษายน   ,2552 ,           816 ,           578 ,         50 ,         044 ,         113 ,         363 ,         572
    16 ,มีนาคม    ,2552 ,           268 ,           812 ,         36 ,         063 ,         228 ,         424 ,         929
     1 ,มีนาคม    ,2552 ,           553 ,           091 ,         67 ,         224 ,         238 ,         295 ,         665
    16 ,กุมภาพันธ์  ,2552 ,           038 ,           730 ,         93 ,         115 ,         434 ,         939 ,         961
     1 ,กุมภาพันธ์  ,2552 ,           534 ,           533 ,         69 ,         015 ,         427 ,         660 ,         777
    16 ,มกราคม   ,2552 ,           743 ,           212 ,         25 ,         266 ,         800 ,         842 ,         885
    30 ,ธันวาคม   ,2551 ,           218 ,           596 ,         22 ,         094 ,         197 ,         831 ,         984
    16 ,ธันวาคม   ,2551 ,           074 ,           114 ,         25 ,         305 ,         715 ,         803 ,         959
     1 ,ธันวาคม   ,2551 ,           205 ,           434 ,         05 ,         013 ,         260 ,         617 ,         957
    16 ,พฤศจิกายน ,2551 ,           002 ,           612 ,         20 ,         068 ,         589 ,         824 ,         877
     1 ,พฤศจิกายน ,2551 ,           272 ,           028 ,         76 ,         285 ,         333 ,         421 ,         929
    16 ,ตุลาคม    ,2551 ,           431 ,           277 ,         98 ,         324 ,         526 ,         644 ,         648
     1 ,ตุลาคม    ,2551 ,           882 ,           911 ,         67 ,         204 ,         302 ,         311 ,         395
    16 ,กันยายน   ,2551 ,           012 ,           377 ,         56 ,         378 ,         534 ,         557 ,         691
     1 ,กันยายน   ,2551 ,           695 ,           993 ,         09 ,         027 ,         206 ,         413 ,         904
    16 ,สิงหาคม   ,2551 ,           380 ,           377 ,         36 ,         161 ,         445 ,         457 ,         744
     1 ,สิงหาคม   ,2551 ,           850 ,           348 ,         11 ,         236 ,         386 ,         408 ,         913
    16 ,กรกฎาคม  ,2551 ,           257 ,           374 ,         41 ,         344 ,         401 ,         486 ,         576
     1 ,กรกฎาคม  ,2551 ,           943 ,           671 ,         50 ,         096 ,         287 ,         490 ,         523
    16 ,มิถุนายน   ,2551 ,           729 ,           111 ,         75 ,         339 ,         345 ,         639 ,         870
     1 ,มิถุนายน   ,2551 ,           414 ,           875 ,         35 ,         370 ,         666 ,         747 ,         916
    16 ,พฤษภาคม  ,2551 ,           329 ,           231 ,         69 ,         120 ,         193 ,         214 ,         355
     2 ,พฤษภาคม  ,2551 ,           453 ,           011 ,         62 ,         001 ,         001 ,         133 ,         792
    16 ,เมษายน   ,2551 ,           982 ,           800 ,         64 ,         008 ,         043 ,         584 ,         802
     1 ,เมษายน   ,2551 ,           012 ,           653 ,         71 ,         124 ,         195 ,         200 ,         586
    16 ,มีนาคม    ,2551 ,           074 ,           946 ,         33 ,         077 ,         085 ,         158 ,         974
     1 ,มีนาคม    ,2551 ,           936 ,           685 ,         05 ,         056 ,         085 ,         371 ,         691
    16 ,กุมภาพันธ์  ,2551 ,           137 ,           054 ,         80 ,         344 ,         512 ,         630 ,         892
     1 ,กุมภาพันธ์  ,2551 ,           212 ,           684 ,         26 ,         311 ,         472 ,         732 ,         796
    16 ,มกราคม   ,2551 ,           556 ,           010 ,         81 ,         413 ,         548 ,         942 ,         965
    30 ,ธันวาคม   ,2550 ,           595 ,           411 ,         81 ,         267 ,         490 ,         741 ,         787
    16 ,ธันวาคม   ,2550 ,           513 ,           501 ,         96 ,         425 ,         432 ,         460 ,         702
     1 ,ธันวาคม   ,2550 ,           113 ,           410 ,         18 ,         418 ,         485 ,         627 ,         659
    16 ,พฤศจิกายน ,2550 ,           562 ,           481 ,         73 ,         130 ,         198 ,         752 ,         844
     1 ,พฤศจิกายน ,2550 ,           927 ,           907 ,         88 ,         213 ,         277 ,         524 ,         648
    16 ,ตุลาคม    ,2550 ,           032 ,           988 ,         48 ,         158 ,         663 ,         685 ,         846
     1 ,ตุลาคม    ,2550 ,           430 ,           667 ,         76 ,         090 ,         104 ,         126 ,         667
    16 ,กันยายน   ,2550 ,           499 ,           336 ,         45 ,         247 ,         273 ,         604 ,         608
     1 ,กันยายน   ,2550 ,           331 ,           810 ,         69 ,         293 ,         505 ,         518 ,         520
    16 ,สิงหาคม   ,2550 ,           476 ,           207 ,         93 ,         234 ,         236 ,         312 ,         424
     1 ,สิงหาคม   ,2550 ,           429 ,           924 ,         29 ,         006 ,         048 ,         885 ,         962
    16 ,กรกฎาคม  ,2550 ,           527 ,           384 ,         77 ,         105 ,         183 ,         334 ,         947
     1 ,กรกฎาคม  ,2550 ,           565 ,           151 ,         76 ,         146 ,         287 ,         638 ,         949
    16 ,มิถุนายน   ,2550 ,           393 ,           194 ,         41 ,         424 ,         589 ,         907 ,         989
     1 ,มิถุนายน   ,2550 ,           836 ,           393 ,         05 ,         242 ,         433 ,         523 ,         739
    16 ,พฤษภาคม  ,2550 ,           232 ,           897 ,         25 ,         585 ,         751 ,         858 ,         924
     2 ,พฤษภาคม  ,2550 ,           430 ,           374 ,         81 ,         442 ,         553 ,         729 ,         881
    16 ,เมษายน   ,2550 ,           405 ,           105 ,         63 ,         013 ,         522 ,         866 ,         987
     1 ,เมษายน   ,2550 ,           622 ,           780 ,         93 ,         022 ,         677 ,         794 ,         814
    16 ,มีนาคม    ,2550 ,           876 ,           763 ,         85 ,         001 ,         191 ,         350 ,         906
     1 ,มีนาคม    ,2550 ,           742 ,           425 ,         61 ,         294 ,         801 ,         942 ,         949
    16 ,กุมภาพันธ์  ,2550 ,           277 ,           859 ,         95 ,         384 ,         607 ,         625 ,         979
     1 ,กุมภาพันธ์  ,2550 ,           769 ,           925 ,         56 ,         239 ,         287 ,         865 ,         893
    16 ,มกราคม   ,2550 ,           838 ,           739 ,         55 ,         263 ,         293 ,         803 ,         845
    30 ,ธันวาคม   ,2549 ,           778 ,           584 ,         07 ,         164 ,         403 ,         811 ,         971
    16 ,ธันวาคม   ,2549 ,           147 ,           977 ,         45 ,         197 ,         439 ,         647 ,         694
     1 ,ธันวาคม   ,2549 ,           270 ,           052 ,         12 ,         091 ,         236 ,         462 ,         621
    16 ,พฤศจิกายน ,2549 ,           562 ,           856 ,         94 ,         307 ,         347 ,         508 ,         680
     1 ,พฤศจิกายน ,2549 ,           910 ,           957 ,         29 ,         137 ,         647 ,         739 ,         905
    16 ,ตุลาคม    ,2549 ,           264 ,           825 ,         58 ,         092 ,         358 ,         832 ,         903
     1 ,ตุลาคม    ,2549 ,           952 ,           335 ,         92 ,         007 ,         804 ,         879 ,         951
    16 ,กันยายน   ,2549 ,           217 ,           948 ,         41 ,         121 ,         290 ,         864 ,         916
     1 ,กันยายน   ,2549 ,           381 ,           761 ,         44 ,         093 ,         600 ,         626 ,         693
    16 ,สิงหาคม   ,2549 ,           977 ,           486 ,         91 ,         103 ,         221 ,         230 ,         305
     1 ,สิงหาคม   ,2549 ,           238 ,           654 ,         88 ,         005 ,         487 ,         817 ,         847
    16 ,กรกฎาคม  ,2549 ,           512 ,           434 ,         48 ,         098 ,         432 ,         518 ,         989
     1 ,กรกฎาคม  ,2549 ,           952 ,           890 ,         65 ,         017 ,         126 ,         183 ,         839
    16 ,มิถุนายน   ,2549 ,           100 ,           935 ,         17 ,         250 ,         381 ,         410 ,         595
     1 ,มิถุนายน   ,2549 ,           810 ,           850 ,         99 ,         149 ,         382 ,         526 ,         664
    16 ,พฤษภาคม  ,2549 ,           100 ,           344 ,         71 ,         386 ,         463 ,         696 ,         811
     2 ,พฤษภาคม  ,2549 ,           024 ,           554 ,         27 ,         006 ,         082 ,         117 ,         438
    16 ,เมษายน   ,2549 ,           038 ,           564 ,         49 ,         210 ,         442 ,         769 ,         877
     1 ,เมษายน   ,2549 ,           738 ,           365 ,         95 ,         064 ,         301 ,         522 ,         955
    16 ,มีนาคม    ,2549 ,           936 ,           177 ,         30 ,         185 ,         205 ,         320 ,         486
     1 ,มีนาคม    ,2549 ,           582 ,           473 ,         43 ,         108 ,         586 ,         801 ,         914
    16 ,กุมภาพันธ์  ,2549 ,           317 ,           009 ,         66 ,         135 ,         240 ,         280 ,         784
     1 ,กุมภาพันธ์  ,2549 ,           412 ,           729 ,         87 ,         149 ,         384 ,         720 ,         915
    16 ,มกราคม   ,2549 ,           432 ,           747 ,         79 ,         200 ,         222 ,         789 ,         965
    30 ,ธันวาคม   ,2548 ,           492 ,           955 ,         94 ,         066 ,         150 ,         308 ,         742
    16 ,ธันวาคม   ,2548 ,           449 ,           565 ,         86 ,         162 ,         802 ,         958 ,         994
     1 ,ธันวาคม   ,2548 ,           388 ,           551 ,         17 ,         027 ,         072 ,         764 ,         770
    16 ,พฤศจิกายน ,2548 ,           742 ,           518 ,         80 ,         137 ,         502 ,         741 ,         887
     1 ,พฤศจิกายน ,2548 ,           970 ,           577 ,         98 ,         009 ,         171 ,         216 ,         375
    16 ,ตุลาคม    ,2548 ,           041 ,           072 ,         71 ,         269 ,         346 ,         410 ,         913
     1 ,ตุลาคม    ,2548 ,           766 ,           482 ,         24 ,         275 ,         551 ,         766 ,         792
    16 ,กันยายน   ,2548 ,           214 ,           768 ,         10 ,         057 ,         124 ,         282 ,         498
     1 ,กันยายน   ,2548 ,           316 ,           933 ,         17 ,         047 ,         123 ,         338 ,         969
    16 ,สิงหาคม   ,2548 ,           475 ,           560 ,         68 ,         103 ,         272 ,         844 ,         915
     1 ,สิงหาคม   ,2548 ,           961 ,           633 ,         26 ,         055 ,         152 ,         272 ,         386
    16 ,กรกฎาคม  ,2548 ,           477 ,           452 ,         13 ,         150 ,         460 ,         642 ,         757
     1 ,กรกฎาคม  ,2548 ,           009 ,           554 ,         87 ,         244 ,         427 ,         641 ,         798
    16 ,มิถุนายน   ,2548 ,           793 ,           070 ,         44 ,         021 ,         074 ,         605 ,         806
     1 ,มิถุนายน   ,2548 ,           176 ,           893 ,         35 ,         176 ,         405 ,         579 ,         616
    16 ,พฤษภาคม  ,2548 ,           867 ,           134 ,         97 ,         376 ,         465 ,         648 ,         693
     2 ,พฤษภาคม  ,2548 ,           772 ,           467 ,         43 ,         071 ,         073 ,         383 ,         815
    16 ,เมษายน   ,2548 ,           119 ,           327 ,         10 ,         081 ,         346 ,         627 ,         968
     1 ,เมษายน   ,2548 ,           815 ,           753 ,         69 ,         224 ,         381 ,         482 ,         807
    16 ,มีนาคม    ,2548 ,           196 ,           345 ,         03 ,         073 ,         394 ,         601 ,         783
     1 ,มีนาคม    ,2548 ,           800 ,           751 ,         93 ,         669 ,         681 ,         714 ,         998
    16 ,กุมภาพันธ์  ,2548 ,           816 ,           422 ,         53 ,         065 ,         086 ,         192 ,         356
     1 ,กุมภาพันธ์  ,2548 ,           540 ,           054 ,         34 ,         180 ,         389 ,         571 ,         863
    16 ,มกราคม   ,2548 ,           335 ,           022 ,         08 ,         039 ,         291 ,         479 ,         689
    30 ,ธันวาคม   ,2547 ,           168 ,           858 ,         28 ,         179 ,         221 ,         603 ,         627
    16 ,ธันวาคม   ,2547 ,           479 ,           372 ,         17 ,         075 ,         183 ,         288 ,         999
     1 ,ธันวาคม   ,2547 ,           504 ,           658 ,         69 ,         014 ,         139 ,         691 ,         984
    16 ,พฤศจิกายน ,2547 ,           754 ,           622 ,         64 ,         019 ,         744 ,         904 ,         918
     1 ,พฤศจิกายน ,2547 ,           185 ,           966 ,         23 ,         137 ,         661 ,         745 ,         862
    16 ,ตุลาคม    ,2547 ,           355 ,           858 ,         62 ,         162 ,         200 ,         438 ,         890
     1 ,ตุลาคม    ,2547 ,           110 ,           866 ,         66 ,         200 ,         547 ,         781 ,         806
    16 ,กันยายน   ,2547 ,           923 ,           373 ,         59 ,         295 ,         774 ,         867 ,         888
     1 ,กันยายน   ,2547 ,           096 ,           597 ,         70 ,         014 ,         456 ,         709 ,         929
    16 ,สิงหาคม   ,2547 ,           335 ,           921 ,         59 ,         082 ,         114 ,         288 ,         559
     2 ,สิงหาคม   ,2547 ,           868 ,           990 ,         45 ,         377 ,         510 ,         811 ,         956
    16 ,กรกฎาคม  ,2547 ,           205 ,           588 ,         25 ,         154 ,         461 ,         696 ,         726
     1 ,กรกฎาคม  ,2547 ,           312 ,           471 ,         66 ,         261 ,         313 ,         598 ,         664
    16 ,มิถุนายน   ,2547 ,           208 ,           713 ,         87 ,         414 ,         459 ,         911 ,         986
     1 ,มิถุนายน   ,2547 ,           614 ,           144 ,         72 ,         425 ,         776 ,         990 ,         992
    16 ,พฤษภาคม  ,2547 ,           589 ,           207 ,         13 ,         253 ,         492 ,         526 ,         992
     2 ,พฤษภาคม  ,2547 ,           653 ,           403 ,         91 ,         101 ,         385 ,         550 ,         822
    16 ,เมษายน   ,2547 ,           705 ,           832 ,         12 ,         008 ,         721 ,         721 ,         966
     1 ,เมษายน   ,2547 ,           196 ,           391 ,         62 ,         257 ,         808 ,         851 ,         918
    16 ,มีนาคม    ,2547 ,           615 ,           366 ,         69 ,         094 ,         478 ,         779 ,         830
     1 ,มีนาคม    ,2547 ,           697 ,           483 ,         50 ,         206 ,         510 ,         610 ,         759
    16 ,กุมภาพันธ์  ,2547 ,           698 ,           002 ,         00 ,         072 ,         309 ,         798 ,         877
     1 ,กุมภาพันธ์  ,2547 ,           216 ,           822 ,         77 ,         242 ,         361 ,         469 ,         765
    16 ,มกราคม   ,2547 ,           731 ,           342 ,         96 ,         025 ,         357 ,         391 ,         926
    30 ,ธันวาคม   ,2546 ,           739 ,           447 ,         64 ,         216 ,         435 ,         654 ,         743
    16 ,ธันวาคม   ,2546 ,           177 ,           947 ,         87 ,         571 ,         676 ,         735 ,         847
     1 ,ธันวาคม   ,2546 ,           991 ,           307 ,         78 ,         217 ,         559 ,         719 ,         945
    16 ,พฤศจิกายน ,2546 ,           238 ,           511 ,         68 ,         155 ,         474 ,         594 ,         767
     1 ,พฤศจิกายน ,2546 ,           941 ,           438 ,         47 ,         156 ,         216 ,         264 ,         866
    16 ,ตุลาคม    ,2546 ,           305 ,           500 ,         03 ,         012 ,         084 ,         109 ,         470
     1 ,ตุลาคม    ,2546 ,           912 ,           040 ,         43 ,         100 ,         379 ,         407 ,         563
    16 ,กันยายน   ,2546 ,           600 ,           589 ,         53 ,         356 ,         494 ,         909 ,         996
     1 ,กันยายน   ,2546 ,           187 ,           813 ,         92 ,         249 ,         661 ,         793 ,         918
    16 ,สิงหาคม   ,2546 ,           354 ,           771 ,         00 ,         206 ,         271 ,         496 ,         624
     1 ,สิงหาคม   ,2546 ,           766 ,           098 ,         91 ,         007 ,         460 ,         733 ,         856
    16 ,กรกฎาคม  ,2546 ,           679 ,           545 ,         75 ,         049 ,         281 ,         363 ,         589
     1 ,กรกฎาคม  ,2546 ,           461 ,           414 ,         91 ,         151 ,         282 ,         395 ,         878
    16 ,มิถุนายน   ,2546 ,           389 ,           872 ,         29 ,         006 ,         605 ,         922 ,         995
     1 ,มิถุนายน   ,2546 ,           766 ,           066 ,         36 ,         083 ,         354 ,         523 ,         686
    16 ,พฤษภาคม  ,2546 ,           552 ,           784 ,         20 ,         048 ,         362 ,         608 ,         699
     2 ,พฤษภาคม  ,2546 ,           135 ,           603 ,         12 ,         386 ,         498 ,         522 ,         870
    16 ,เมษายน   ,2546 ,           892 ,           525 ,         21 ,         796 ,         823 ,         906 ,         933
     1 ,เมษายน   ,2546 ,           933 ,           164 ,         86 ,         467 ,         732 ,         863 ,         902
    16 ,มีนาคม    ,2546 ,           653 ,           062 ,         64 ,         038 ,         208 ,         702 ,         820
     1 ,มีนาคม    ,2546 ,           441 ,           022 ,         42 ,         026 ,         322 ,         628 ,         707
    16 ,กุมภาพันธ์  ,2546 ,           455 ,           578 ,         61 ,         496 ,         805 ,         857 ,         980
     1 ,กุมภาพันธ์  ,2546 ,           456 ,           370 ,         94 ,         229 ,         429 ,         661 ,         806
    16 ,มกราคม   ,2546 ,           997 ,           085 ,         06 ,         262 ,         441 ,         519 ,         535
    30 ,ธันวาคม   ,2545 ,           895 ,           196 ,         95 ,         116 ,         191 ,         609 ,         689
    16 ,ธันวาคม   ,2545 ,           019 ,           682 ,         67 ,         075 ,         312 ,         616 ,         849
     1 ,ธันวาคม   ,2545 ,           968 ,           422 ,         37 ,         088 ,         298 ,         337 ,         809
    16 ,พฤศจิกายน ,2545 ,           915 ,           344 ,         55 ,         191 ,         789 ,         843 ,         906
     1 ,พฤศจิกายน ,2545 ,           505 ,           498 ,         25 ,         297 ,         341 ,         383 ,         747
    16 ,ตุลาคม    ,2545 ,           428 ,           641 ,         51 ,         150 ,         177 ,         244 ,         401
     1 ,ตุลาคม    ,2545 ,           802 ,           505 ,         72 ,         189 ,         358 ,         567 ,         864
    16 ,กันยายน   ,2545 ,           156 ,           050 ,         85 ,         056 ,         169 ,         823 ,         889
     1 ,กันยายน   ,2545 ,           994 ,           200 ,         51 ,         064 ,         126 ,         395 ,         799
    16 ,สิงหาคม   ,2545 ,           120 ,           108 ,         57 ,         147 ,         173 ,         705 ,         953
     1 ,สิงหาคม   ,2545 ,           493 ,           438 ,         88 ,         269 ,         529 ,         544 ,         645
    16 ,กรกฎาคม  ,2545 ,           340 ,           264 ,         69 ,         034 ,         304 ,         539 ,         632
     1 ,กรกฎาคม  ,2545 ,           481 ,           447 ,         24 ,         195 ,         517 ,         763 ,         802
    16 ,มิถุนายน   ,2545 ,           073 ,           261 ,         07 ,         156 ,         472 ,         662 ,         845
     1 ,มิถุนายน   ,2545 ,           161 ,           149 ,         02 ,         328 ,         485 ,         643 ,         879
    16 ,พฤษภาคม  ,2545 ,           598 ,           714 ,         76 ,         394 ,         508 ,         725 ,         765
     2 ,พฤษภาคม  ,2545 ,           590 ,           664 ,         56 ,         503 ,         695 ,         739 ,         764
    16 ,เมษายน   ,2545 ,           522 ,           630 ,         37 ,         085 ,         586 ,         949 ,         997
     1 ,เมษายน   ,2545 ,           990 ,           543 ,         57 ,         225 ,         430 ,         456 ,         971
    16 ,มีนาคม    ,2545 ,           659 ,           152 ,         04 ,         066 ,         370 ,         707 ,         943
     1 ,มีนาคม    ,2545 ,           805 ,           590 ,         55 ,         434 ,         715 ,         748 ,         856
    16 ,กุมภาพันธ์  ,2545 ,           330 ,           853 ,         92 ,         088 ,         167 ,         769 ,         820
     1 ,กุมภาพันธ์  ,2545 ,           633 ,           270 ,         40 ,         414 ,         621 ,         859 ,         956
    16 ,มกราคม   ,2545 ,           709 ,           670 ,         14 ,         109 ,         116 ,         434 ,         895
    30 ,ธันวาคม   ,2544 ,           729 ,           367 ,         64 ,         107 ,         611 ,         873 ,         974
    16 ,ธันวาคม   ,2544 ,           224 ,           675 ,         19 ,         363 ,         538 ,         887 ,         902
     1 ,ธันวาคม   ,2544 ,           737 ,           033 ,         49 ,         461 ,         713 ,         773 ,         925
    16 ,พฤศจิกายน ,2544 ,           685 ,           706 ,         74 ,         275 ,         339 ,         600 ,         976
     1 ,พฤศจิกายน ,2544 ,           683 ,           472 ,         52 ,         081 ,         392 ,         431 ,         694
    16 ,ตุลาคม    ,2544 ,           975 ,           005 ,         48 ,         070 ,         110 ,         626 ,         670
     1 ,ตุลาคม    ,2544 ,           104 ,           145 ,         15 ,         058 ,         287 ,         303 ,         827
    16 ,กันยายน   ,2544 ,           616 ,           426 ,         82 ,         089 ,         291 ,         806 ,         995
     1 ,กันยายน   ,2544 ,           119 ,           067 ,         14 ,         145 ,         218 ,         294 ,         532
    16 ,สิงหาคม   ,2544 ,           690 ,           135 ,         10 ,         217 ,         588 ,         717 ,         900
     1 ,สิงหาคม   ,2544 ,           180 ,           597 ,         11 ,         086 ,         602 ,         848 ,         864
    16 ,กรกฎาคม  ,2544 ,           820 ,           715 ,         50 ,         171 ,         250 ,         282 ,         767
     1 ,กรกฎาคม  ,2544 ,           107 ,           987 ,         34 ,         296 ,         364 ,         546 ,         985
    16 ,มิถุนายน   ,2544 ,           762 ,           394 ,         75 ,         395 ,         550 ,         606 ,         922
     1 ,มิถุนายน   ,2544 ,           113 ,           311 ,         80 ,         310 ,         490 ,         920 ,         983
    16 ,พฤษภาคม  ,2544 ,           091 ,           982 ,         61 ,         055 ,         080 ,         437 ,         507
     2 ,พฤษภาคม  ,2544 ,           205 ,           095 ,         64 ,         099 ,         294 ,         543 ,         980
    16 ,เมษายน   ,2544 ,           140 ,           843 ,         28 ,         031 ,         378 ,         800 ,         952
     1 ,เมษายน   ,2544 ,           640 ,           998 ,         49 ,         061 ,         407 ,         600 ,         877
    16 ,มีนาคม    ,2544 ,           633 ,           616 ,         45 ,         350 ,         400 ,         773 ,         903
     1 ,มีนาคม    ,2544 ,           836 ,           537 ,         85 ,         147 ,         292 ,         356 ,         380
    16 ,กุมภาพันธ์  ,2544 ,           621 ,           267 ,         47 ,         155 ,         275 ,         305 ,         673
     1 ,กุมภาพันธ์  ,2544 ,           454 ,           703 ,         13 ,         063 ,         089 ,         245 ,         437
    16 ,มกราคม   ,2544 ,           737 ,           016 ,         36 ,         035 ,         358 ,         515 ,         778
    30 ,ธันวาคม   ,2543 ,           119 ,           451 ,         31 ,         357 ,         600 ,         763 ,         985
    16 ,ธันวาคม   ,2543 ,           969 ,           676 ,         91 ,         267 ,         313 ,         555 ,         605
     1 ,ธันวาคม   ,2543 ,           887 ,           956 ,         56 ,         170 ,         454 ,         664 ,         933
    16 ,พฤศจิกายน ,2543 ,           565 ,           311 ,         10 ,         044 ,         304 ,         381 ,         494
     1 ,พฤศจิกายน ,2543 ,           093 ,           182 ,         90 ,         046 ,         407 ,         606 ,         818
    16 ,ตุลาคม    ,2543 ,           620 ,           662 ,         39 ,         133 ,         276 ,         372 ,         607
     1 ,ตุลาคม    ,2543 ,           290 ,           582 ,         26 ,         070 ,         436 ,         618 ,         690
    16 ,กันยายน   ,2543 ,           046 ,           251 ,         05 ,         230 ,         806 ,         860 ,         933
     1 ,กันยายน   ,2543 ,           437 ,           367 ,         52 ,         290 ,         365 ,         474 ,         952
    16 ,สิงหาคม   ,2543 ,           459 ,           013 ,         57 ,         087 ,         120 ,         155 ,         378
     1 ,สิงหาคม   ,2543 ,           267 ,           540 ,         18 ,         463 ,         665 ,         881 ,         930
    16 ,กรกฎาคม  ,2543 ,           931 ,           342 ,         43 ,         237 ,         397 ,         656 ,         739
     1 ,กรกฎาคม  ,2543 ,           674 ,           071 ,         29 ,         190 ,         689 ,         761 ,         946
    16 ,มิถุนายน   ,2543 ,           825 ,           696 ,         57 ,         311 ,         592 ,         771 ,         832
     1 ,มิถุนายน   ,2543 ,           592 ,           761 ,         16 ,         705 ,         716 ,         810 ,         981
    16 ,พฤษภาคม  ,2543 ,           009 ,           315 ,         56 ,         035 ,         174 ,         226 ,         929
     2 ,พฤษภาคม  ,2543 ,           070 ,           715 ,         20 ,         287 ,         422 ,         740 ,         979
    16 ,เมษายน   ,2543 ,           836 ,           777 ,         63 ,         131 ,         273 ,         362 ,         950
     1 ,เมษายน   ,2543 ,           963 ,           948 ,         99 ,         018 ,         477 ,         511 ,         535
    16 ,มีนาคม    ,2543 ,           164 ,           311 ,         65 ,         009 ,         071 ,         326 ,         460
     1 ,มีนาคม    ,2543 ,           997 ,           833 ,         63 ,         250 ,         416 ,         627 ,         817
    16 ,กุมภาพันธ์  ,2543 ,           729 ,           816 ,         91 ,         181 ,         618 ,         631 ,         916
     1 ,กุมภาพันธ์  ,2543 ,           530 ,           213 ,         85 ,         094 ,         109 ,         597 ,         926
    16 ,มกราคม   ,2543 ,           442 ,           183 ,         82 ,         269 ,         640 ,         847 ,         950
    30 ,ธันวาคม   ,2542 ,           051 ,           108 ,         03 ,         061 ,         263 ,         301 ,         540
    16 ,ธันวาคม   ,2542 ,           139 ,           850 ,         30 ,         131 ,         140 ,         656 ,         686
     1 ,ธันวาคม   ,2542 ,           669 ,           281 ,         79 ,         896 ,         952 ,         999 ,         999
    16 ,พฤศจิกายน ,2542 ,           792 ,           354 ,         14 ,         293 ,         324 ,         723 ,         978
     1 ,พฤศจิกายน ,2542 ,           561 ,           335 ,         03 ,         140 ,         570 ,         855 ,         882
    16 ,ตุลาคม    ,2542 ,           410 ,           227 ,         28 ,         304 ,         467 ,         468 ,         750
     1 ,ตุลาคม    ,2542 ,           830 ,           676 ,         80 ,         167 ,         215 ,         234 ,         287
    16 ,กันยายน   ,2542 ,           807 ,           806 ,         46 ,         268 ,         283 ,         734 ,         893
     1 ,กันยายน   ,2542 ,           591 ,           344 ,         33 ,         237 ,         261 ,         275 ,         861
    16 ,สิงหาคม   ,2542 ,           340 ,           998 ,         65 ,         111 ,         371 ,         696 ,         933
     1 ,สิงหาคม   ,2542 ,           056 ,           860 ,         98 ,         064 ,         303 ,         688 ,         994
    16 ,กรกฎาคม  ,2542 ,           074 ,           416 ,         03 ,         004 ,         138 ,         343 ,         349
     1 ,กรกฎาคม  ,2542 ,           386 ,           441 ,         67 ,         001 ,         152 ,         211 ,         987
    16 ,มิถุนายน   ,2542 ,           278 ,           794 ,         63 ,         422 ,         742 ,         859 ,         917
     1 ,มิถุนายน   ,2542 ,           077 ,           626 ,         08 ,         177 ,         340 ,         606 ,         951
    16 ,พฤษภาคม  ,2542 ,           618 ,           818 ,         16 ,         074 ,         843 ,         870 ,         884
     2 ,พฤษภาคม  ,2542 ,           000 ,           686 ,         00 ,         003 ,         045 ,         134 ,         715
    16 ,เมษายน   ,2542 ,           625 ,           094 ,         35 ,         067 ,         394 ,         432 ,         859
     1 ,เมษายน   ,2542 ,           479 ,           957 ,         92 ,         471 ,         670 ,         713 ,         858
    16 ,มีนาคม    ,2542 ,           577 ,           278 ,         63 ,         089 ,         415 ,         418 ,         606
     2 ,มีนาคม    ,2542 ,           660 ,           214 ,         58 ,         479 ,         612 ,         645 ,         927
    16 ,กุมภาพันธ์  ,2542 ,           307 ,           231 ,         41 ,         091 ,         404 ,         456 ,         782
     1 ,กุมภาพันธ์  ,2542 ,           342 ,           860 ,         69 ,         048 ,         361 ,         735 ,         752
    16 ,มกราคม   ,2542 ,           190 ,           611 ,         13 ,         186 ,         543 ,         854 ,         976
    30 ,ธันวาคม   ,2541 ,           646 ,           147 ,         50 ,         694 ,         778 ,         921 ,         983
    16 ,ธันวาคม   ,2541 ,           181 ,           813 ,         55 ,         175 ,         306 ,         498 ,         560
     1 ,ธันวาคม   ,2541 ,           836 ,           569 ,         58 ,         075 ,         115 ,         200 ,         944
    16 ,พฤศจิกายน ,2541 ,           270 ,           744 ,         20 ,         480 ,         763 ,         785 ,         794
     1 ,พฤศจิกายน ,2541 ,           920 ,           846 ,         29 ,         044 ,         081 ,         239 ,         316
    16 ,ตุลาคม    ,2541 ,           261 ,           080 ,         74 ,         461 ,         695 ,         755 ,         935
     1 ,ตุลาคม    ,2541 ,           987 ,           844 ,         18 ,         236 ,         306 ,         470 ,         728
    16 ,กันยายน   ,2541 ,           065 ,           720 ,         65 ,         311 ,         401 ,         584 ,         782
     1 ,กันยายน   ,2541 ,           872 ,           795 ,         96 ,         042 ,         060 ,         316 ,         551
    16 ,สิงหาคม   ,2541 ,           081 ,           784 ,         91 ,         464 ,         644 ,         677 ,         724
     1 ,สิงหาคม   ,2541 ,           748 ,           493 ,         22 ,         001 ,         015 ,         771 ,         862
    16 ,กรกฎาคม  ,2541 ,           599 ,           991 ,         52 ,         012 ,         401 ,         904 ,         935
     1 ,กรกฎาคม  ,2541 ,           595 ,           123 ,         65 ,         076 ,         101 ,         314 ,         606
    16 ,มิถุนายน   ,2541 ,           858 ,           076 ,         19 ,         219 ,         235 ,         316 ,         533
     1 ,มิถุนายน   ,2541 ,           820 ,           088 ,         67 ,         014 ,         530 ,         649 ,         781
    16 ,พฤษภาคม  ,2541 ,           840 ,           043 ,         63 ,         258 ,         950 ,         981 ,         984
     2 ,พฤษภาคม  ,2541 ,           663 ,           807 ,         72 ,         143 ,         202 ,         325 ,         946
    16 ,เมษายน   ,2541 ,           146 ,           573 ,         17 ,         153 ,         202 ,         664 ,         705
     1 ,เมษายน   ,2541 ,           496 ,           930 ,         66 ,         454 ,         563 ,         786 ,         882
    16 ,มีนาคม    ,2541 ,           572 ,           701 ,         79 ,         260 ,         506 ,         852 ,         943
     1 ,มีนาคม    ,2541 ,           236 ,           364 ,         74 ,         127 ,         285 ,         562 ,         867
    16 ,กุมภาพันธ์  ,2541 ,           612 ,           897 ,         69 ,         213 ,         234 ,         356 ,         460
     1 ,กุมภาพันธ์  ,2541 ,           665 ,           959 ,         48 ,         381 ,         685 ,         788 ,         941
    16 ,มกราคม   ,2541 ,           947 ,           175 ,         34 ,         185 ,         425 ,         792 ,         833
    30 ,ธันวาคม   ,2540 ,           675 ,           704 ,         65 ,         044 ,         320 ,         788 ,         797
    16 ,ธันวาคม   ,2540 ,           294 ,           240 ,         71 ,         142 ,         408 ,         762 ,         975
     1 ,ธันวาคม   ,2540 ,           241 ,           559 ,         86 ,         168 ,         392 ,         677 ,         982
    16 ,พฤศจิกายน ,2540 ,           875 ,           462 ,         99 ,         038 ,         539 ,         573 ,         730
     1 ,พฤศจิกายน ,2540 ,           974 ,           210 ,         39 ,         064 ,         283 ,         830 ,         877
    16 ,ตุลาคม    ,2540 ,           405 ,           124 ,         98 ,         125 ,         280 ,         356 ,         459
     1 ,ตุลาคม    ,2540 ,           444 ,           413 ,         24 ,         209 ,         476 ,         639 ,         693
    16 ,กันยายน   ,2540 ,           527 ,           514 ,         93 ,         251 ,         335 ,         687 ,         935
     1 ,กันยายน   ,2540 ,           083 ,           537 ,         59 ,         132 ,         319 ,         658 ,         743
    16 ,สิงหาคม   ,2540 ,           156 ,           967 ,         30 ,         235 ,         569 ,         596 ,         957
     1 ,สิงหาคม   ,2540 ,           054 ,           272 ,         31 ,         145 ,         414 ,         440 ,         797
    16 ,กรกฎาคม  ,2540 ,           509 ,           691 ,         67 ,         623 ,         750 ,         944 ,         982
     1 ,กรกฎาคม  ,2540 ,           676 ,           576 ,         11 ,         092 ,         412 ,         620 ,         909
    16 ,มิถุนายน   ,2540 ,           537 ,           146 ,         61 ,         504 ,         635 ,         769 ,         982
     1 ,มิถุนายน   ,2540 ,           643 ,           997 ,         24 ,         060 ,         507 ,         784 ,         918
    16 ,พฤษภาคม  ,2540 ,           088 ,           067 ,         52 ,         510 ,         620 ,         769 ,         896
     2 ,พฤษภาคม  ,2540 ,           388 ,           437 ,         38 ,         025 ,         056 ,         656 ,         728
    16 ,เมษายน   ,2540 ,           551 ,           450 ,         92 ,         085 ,         165 ,         279 ,         654
     1 ,เมษายน   ,2540 ,           617 ,           629 ,         52 ,         015 ,         162 ,         330 ,         426
    16 ,มีนาคม    ,2540 ,           100 ,           474 ,         36 ,         214 ,         444 ,         705 ,         822
     1 ,มีนาคม    ,2540 ,           976 ,           779 ,         98 ,         148 ,         364 ,         414 ,         791
    16 ,กุมภาพันธ์  ,2540 ,           499 ,           884 ,         84 ,         247 ,         315 ,         533 ,         716
     1 ,กุมภาพันธ์  ,2540 ,           750 ,           792 ,         57 ,         079 ,         402 ,         703 ,         771
    16 ,มกราคม   ,2540 ,           151 ,           995 ,         47 ,         020 ,         257 ,         381 ,         612
    30 ,ธันวาคม   ,2539 ,           879 ,           454 ,         29 ,         158 ,         314 ,         584 ,         879
    16 ,ธันวาคม   ,2539 ,           593 ,           856 ,         44 ,         438 ,         608 ,         681 ,         755
     1 ,ธันวาคม   ,2539 ,           179 ,           528 ,         66 ,         365 ,         566 ,         822 ,         920
    16 ,พฤศจิกายน ,2539 ,           951 ,           083 ,         21 ,         168 ,         349 ,         577 ,         580
     1 ,พฤศจิกายน ,2539 ,           512 ,           694 ,         24 ,         255 ,         290 ,         432 ,         964
    16 ,ตุลาคม    ,2539 ,           198 ,           019 ,         13 ,         032 ,         270 ,         324 ,         865
     1 ,ตุลาคม    ,2539 ,           947 ,           788 ,         97 ,         089 ,         166 ,         418 ,         544
    16 ,กันยายน   ,2539 ,           814 ,           362 ,         59 ,         400 ,         818 ,         889 ,         976
